上海,上海市,黄浦区,24
上海,上海市,徐汇区,24
上海,上海市,长宁区,24
上海,上海市,静安区,24
上海,上海市,普陀区,24
上海,上海市,闸北区,24
上海,上海市,虹口区,24
上海,上海市,杨浦区,24
上海,上海市,闵行区,24
上海,上海市,宝山区,24
上海,上海市,嘉定区,24
上海,上海市,浦东新区,24
上海,上海市,金山区,24
上海,上海市,松江区,24
上海,上海市,青浦区,24
上海,上海市,奉贤区,24
云南省,昆明市,呈贡区,24
云南省,昆明市,五华区,24
云南省,昆明市,西山区,24
云南省,昆明市,盘龙区,24
云南省,昆明市,官渡区,24
云南省,昆明市,安宁市,48
云南省,昆明市,富民县,48
云南省,昆明市,寻甸县,48
云南省,昆明市,禄劝县,48
云南省,楚雄州,武定县,48
云南省,西双版纳州,景洪市,48
云南省,丽江市,古城区,48
云南省,丽江市,玉龙县,48
云南省,曲靖市,麒麟区,48
云南省,曲靖市,宣威市,48
云南省,曲靖市,沾益县,48
云南省,大理州,大理市,48
云南省,玉溪市,红塔区,48
云南省,红河州,蒙自县,48
云南省,红河州,开远县,48
云南省,红河州,个旧县,48
云南省,文山州,文山市,48
云南省,普洱市,思茅区,48
云南省,保山市,隆阳区,48
云南省,曲靖市,马龙县,72
云南省,曲靖市,陆良县,72
云南省,曲靖市,师宗县,72
云南省,曲靖市,罗平县,72
云南省,曲靖市,会泽县,72
云南省,曲靖市,富源县,72
云南省,大理州,鹤庆县,72
云南省,大理州,祥云县,72
云南省,大理州,弥渡县,72
云南省,大理州,宾川县,72
云南省,大理州,云龙县,72
云南省,大理州,剑川县,72
云南省,大理州,南涧县,72
云南省,大理州,漾濞县,72
云南省,大理州,永平县,72
云南省,大理州,巍山县,72
云南省,大理州,洱源县,72
云南省,玉溪市,元江县,72
云南省,玉溪市,易门县,72
云南省,玉溪市,澄江县,72
云南省,玉溪市,新平县,72
云南省,玉溪市,通海县,72
云南省,玉溪市,江川县,72
云南省,玉溪市,华宁县,72
云南省,玉溪市,峨山县,72
云南省,红河州,元阳县,72
云南省,红河州,石屏县,72
云南省,红河州,屏边县,72
云南省,红河州,弥勒县,72
云南省,红河州,绿春县,72
云南省,红河州,泸西县,72
云南省,红河州,金平县,72
云南省,红河州,建水县,72
云南省,红河州,红河县,72
云南省,红河州,河口县,72
云南省,文山州,砚山县,72
云南省,文山州,丘北县,72
云南省,文山州,马关县,72
云南省,文山州,麻栗县,72
云南省,文山州,广南县,72
云南省,文山州,富宁县,72
云南省,普洱市,镇沅县,72
云南省,普洱市,西盟县,72
云南省,普洱市,宁洱县,72
云南省,普洱市,墨江县,72
云南省,普洱市,孟连县,72
云南省,普洱市,澜沧县,72
云南省,普洱市,景谷县,72
云南省,普洱市,景东县,72
云南省,普洱市,江城县,72
北京,北京市,东城区,24
北京,北京市,西城区,24
北京,北京市,朝阳区,24
北京,北京市,丰台区,24
北京,北京市,石景山区,24
北京,北京市,海淀区,24
北京,北京市,房山区,24
北京,北京市,通州区,24
北京,北京市,顺义区,24
北京,北京市,昌平区,24
北京,北京市,大兴区,24
北京,北京市,怀柔区,24
北京,北京市,平谷区,24
北京,北京市,延庆县,48
北京,北京市,密云区,48
北京,北京市,门头沟区,48
四川省,成都市,锦江区,24
四川省,成都市,青羊区,24
四川省,成都市,金牛区,24
四川省,成都市,武侯区,24
四川省,成都市,成华区,24
四川省,成都市,龙泉驿区,24
四川省,成都市,青白江区,24
四川省,成都市,新都区,24
四川省,成都市,温江区,24
四川省,成都市,高新区,24
四川省,成都市,金堂县,48
四川省,成都市,双流县,48
四川省,成都市,郫县,48
四川省,成都市,大邑县,48
四川省,成都市,蒲江县,48
四川省,成都市,新津县,48
四川省,成都市,都江堰市,48
四川省,成都市,彭州市,48
四川省,成都市,邛崃市,48
四川省,成都市,崇州市,48
四川省,自贡市,自流井区,48
四川省,自贡市,贡井区,48
四川省,自贡市,大安区,48
四川省,自贡市,沿滩区,48
四川省,自贡市,荣县,48
四川省,自贡市,富顺县,48
四川省,攀枝花市,东区,48
四川省,攀枝花市,西区,48
四川省,泸州市,江阳区,48
四川省,泸州市,纳溪区,48
四川省,泸州市,龙马潭区,48
四川省,泸州市,泸县,48
四川省,泸州市,合江县,48
四川省,泸州市,叙永县,48
四川省,泸州市,古蔺县,48
四川省,德阳市,旌阳区,48
四川省,德阳市,中江县,48
四川省,德阳市,罗江县,48
四川省,德阳市,广汉市,48
四川省,德阳市,什邡市,48
四川省,德阳市,绵竹市,48
四川省,绵阳市,涪城区,48
四川省,绵阳市,游仙区,48
四川省,绵阳市,三台县,48
四川省,绵阳市,盐亭县,48
四川省,绵阳市,安县,48
四川省,绵阳市,梓潼县,48
四川省,绵阳市,江油市,48
四川省,广元市,利州区,48
四川省,广元市,朝天区,48
四川省,广元市,剑阁县,48
四川省,广元市,苍溪县,48
四川省,遂宁市,船山区,48
四川省,遂宁市,安居区,48
四川省,遂宁市,蓬溪县,48
四川省,遂宁市,射洪县,48
四川省,遂宁市,大英县,48
四川省,内江市,市中区,48
四川省,内江市,东兴区,48
四川省,内江市,威远县,48
四川省,内江市,资中县,48
四川省,内江市,隆昌县,48
四川省,乐山市,市中区,48
四川省,乐山市,五通桥区,48
四川省,乐山市,金口河区,48
四川省,乐山市,犍为县,48
四川省,乐山市,井研县,48
四川省,乐山市,夹江县,48
四川省,乐山市,沐川县,48
四川省,乐山市,峨眉山市,48
四川省,南充市,顺庆区,48
四川省,南充市,高坪区,48
四川省,南充市,嘉陵区,48
四川省,南充市,南部县,48
四川省,南充市,营山县,48
四川省,南充市,蓬安县,48
四川省,南充市,西充县,48
四川省,南充市,阆中市,48
四川省,眉山市,东坡区,48
四川省,眉山市,仁寿县,48
四川省,眉山市,彭山县,48
四川省,眉山市,洪雅县,48
四川省,眉山市,丹棱县,48
四川省,眉山市,青神县,48
四川省,宜宾市,翠屏区,48
四川省,宜宾市,南溪区,48
四川省,宜宾市,宜宾县,48
四川省,宜宾市,江安县,48
四川省,宜宾市,长宁县,48
四川省,宜宾市,高县,48
四川省,宜宾市,珙县,48
四川省,宜宾市,筠连县,48
四川省,宜宾市,兴文县,48
四川省,宜宾市,屏山县,48
四川省,广安市,广安区,48
四川省,广安市,前锋区,48
四川省,广安市,岳池县,48
四川省,广安市,武胜县,48
四川省,广安市,邻水县,48
四川省,广安市,华蓥市,48
四川省,达州市,通川区,48
四川省,达州市,达川区,48
四川省,达州市,大竹县,48
四川省,雅安市,雨城区,48
四川省,雅安市,名山区,48
四川省,雅安市,荥经县,48
四川省,雅安市,汉源县,48
四川省,雅安市,石棉县,48
四川省,雅安市,天全县,48
四川省,雅安市,芦山县,48
四川省,雅安市,宝兴县,48
四川省,巴中市,巴州区,48
四川省,资阳市,雁江区,48
四川省,资阳市,安岳县,48
四川省,资阳市,乐至县,48
四川省,资阳市,简阳市,48
天津,天津市,和平区,24
天津,天津市,河东区,24
天津,天津市,河西区,24
天津,天津市,南开区,24
天津,天津市,河北区,24
天津,天津市,红桥区,24
天津,天津市,东丽区,24
天津,天津市,西青区,24
天津,天津市,津南区,24
天津,天津市,北辰区,24
天津,天津市,武清区,24
天津,天津市,宝坻区,48
天津,天津市,蓟县,48
天津,天津市,静海县,48
天津,天津市,宁河县,48
安徽省,合肥市,瑶海区,24
安徽省,合肥市,庐阳区,24
安徽省,合肥市,蜀山区,24
安徽省,合肥市,包河区,24
安徽省,芜湖市,镜湖区,24
安徽省,芜湖市,弋江区,24
安徽省,芜湖市,鸠江区,24
安徽省,芜湖市,三山区,24
安徽省,蚌埠市,龙子湖区,24
安徽省,蚌埠市,蚌山区,24
安徽省,蚌埠市,禹会区,24
安徽省,淮南市,田家庵区,24
安徽省,淮南市,谢家集区,24
安徽省,淮南市,潘集区,24
安徽省,马鞍山市,花山区,24
安徽省,马鞍山市,雨山区,24
安徽省,淮北市,杜集区,24
安徽省,淮北市,相山区,24
安徽省,铜陵市,铜官山区,24
安徽省,铜陵市,狮子山区,24
安徽省,安庆市,迎江区,24
安徽省,安庆市,大观区,24
安徽省,安庆市,宜秀区,24
安徽省,滁州市,琅琊区,24
安徽省,阜阳市,颍州区,24
安徽省,阜阳市,颍东区,24
安徽省,阜阳市,颍泉区,24
安徽省,宿州市,埇桥区,24
安徽省,六安市,金安区,24
安徽省,六安市,裕安区,24
安徽省,池州市,贵池区,24
安徽省,宣城市,宣州区,24
山东省,济南市,市中区,24
山东省,济南市,槐荫区,24
山东省,济南市,天桥区,24
山东省,济南市,历城区,24
山东省,济南市,历下区,24
山东省,济南市,长清区,24
山东省,德州市,德城区,24
山东省,济宁市,市中区,24
山东省,滨州市,滨城区,24
山东省,东营市,东营区,24
山东省,聊城市,东昌府区,24
山东省,青岛市,市南区,24
山东省,青岛市,市北区,24
山东省,青岛市,崂山区,24
山东省,青岛市,城阳区,24
山东省,青岛市,李沧区,24
山东省,青岛市,黄岛区,24
山东省,日照市,东港区,24
山东省,烟台市,芝罘区,24
山东省,烟台市,莱山区,24
山东省,烟台市,福山区,24
山东省,潍坊市,奎文区,24
广东省,广州市,荔湾区,24
广东省,广州市,越秀区,24
广东省,广州市,海珠区,24
广东省,广州市,天河区,24
广东省,广州市,白云区,24
广东省,广州市,黄埔区,24
广东省,广州市,番禺区,24
广东省,广州市,萝岗区,24
广东省,深圳市,罗湖区,24
广东省,深圳市,福田区,24
广东省,深圳市,南山区,24
广东省,深圳市,宝安区,24
广东省,深圳市,龙岗区,24
广东省,深圳市,盐田区,24
广东省,深圳市,光明新区,24
广东省,深圳市,坪山新区,24
广东省,深圳市,大鹏新区,24
广东省,深圳市,龙华新区,24
广东省,珠海市,香洲区,24
广东省,珠海市,斗门区,24
广东省,珠海市,金湾区,24
广东省,佛山市,禅城区,24
广东省,佛山市,南海区,24
广东省,佛山市,顺德区,24
广东省,东莞市,东莞市,24
广东省,中山市,中山市,24
广东省,广州市,花都区,48
广东省,广州市,南沙区,48
广东省,广州市,从化市,48
广东省,广州市,增城市,48
广东省,珠海市,金湾区,48
广东省,汕头市,龙湖区,48
广东省,汕头市,金平区,48
广东省,汕头市,濠江区,48
广东省,汕头市,潮阳区,48
广东省,汕头市,潮南区,48
广东省,汕头市,澄海区,48
广东省,佛山市,禅城区,48
广东省,佛山市,南海区,48
广东省,佛山市,顺德区,48
广东省,佛山市,三水区,48
广东省,佛山市,高明区,48
广东省,江门市,蓬江区,48
广东省,江门市,江海区,48
广东省,江门市,新会区,48
广东省,湛江市,赤坎区,48
广东省,湛江市,霞山区,48
广东省,湛江市,麻章区,48
广东省,肇庆市,端州区,48
广东省,肇庆市,鼎湖区,48
广东省,肇庆市,广宁县,48
广东省,肇庆市,怀集县,48
广东省,肇庆市,封开县,48
广东省,肇庆市,德庆县,48
广东省,肇庆市,高要市,48
广东省,肇庆市,四会市,48
广东省,惠州市,惠城区,48
广东省,惠州市,惠阳区,48
广东省,梅州市,梅江区,48
广东省,梅州市,梅县,48
广东省,阳江市,江城区,48
广东省,阳江市,阳西县,48
广东省,阳江市,阳东县,48
广东省,阳江市,阳春市,48
广东省,清远市,清城区,48
广东省,清远市,清新区,48
广东省,清远市,英德市,48
广东省,潮州市,湘桥区,48
江苏省,南京市,玄武区,24
江苏省,南京市,秦淮区,24
江苏省,南京市,建邺区,24
江苏省,南京市,鼓楼区,24
江苏省,南京市,浦口区,24
江苏省,南京市,栖霞区,24
江苏省,南京市,雨花台区,24
江苏省,南京市,江宁区,24
江苏省,南京市,六合区,24
江苏省,南京市,溧水区,24
江苏省,南京市,高淳区,24
江苏省,无锡市,崇安区,24
江苏省,无锡市,南长区,24
江苏省,无锡市,北塘区,24
江苏省,无锡市,锡山区,24
江苏省,无锡市,惠山区,24
江苏省,无锡市,滨湖区,24
江苏省,徐州市,鼓楼区,24
江苏省,徐州市,云龙区,24
江苏省,徐州市,贾汪区,24
江苏省,徐州市,泉山区,24
江苏省,徐州市,铜山区,24
江苏省,常州市,天宁区,24
江苏省,常州市,钟楼区,24
江苏省,常州市,戚墅堰区,24
江苏省,常州市,新北区,24
江苏省,常州市,武进区,24
江苏省,苏州市,虎丘区,24
江苏省,苏州市,吴中区,24
江苏省,苏州市,相城区,24
江苏省,苏州市,姑苏区,24
江苏省,苏州市,吴江区,24
江苏省,南通市,崇川区,24
江苏省,南通市,港闸区,24
江苏省,南通市,通州区,24
江苏省,连云港市,连云区,24
江苏省,连云港市,新浦区,24
江苏省,连云港市,海州区,24
江苏省,淮安市,清河区,24
江苏省,淮安市,淮安区,24
江苏省,淮安市,淮阴区,24
江苏省,淮安市,清浦区,24
江苏省,盐城市,亭湖区,24
江苏省,盐城市,盐都区,24
江苏省,扬州市,广陵区,24
江苏省,扬州市,邗江区,24
江苏省,扬州市,江都区,24
江苏省,镇江市,京口区,24
江苏省,镇江市,润州区,24
江苏省,镇江市,丹徒区,24
江苏省,泰州市,海陵区,24
江苏省,泰州市,高港区,24
江苏省,泰州市,姜堰区,24
江苏省,宿迁市,宿城区,24
江苏省,宿迁市,宿豫区,24
江苏省,无锡市,江阴市,24
江苏省,无锡市,宜兴市,24
江苏省,徐州市,丰县,24
江苏省,徐州市,沛县,24
江苏省,徐州市,睢宁县,24
江苏省,徐州市,新沂市,24
江苏省,徐州市,邳州市,24
江苏省,常州市,溧阳市,24
江苏省,常州市,金坛市,24
江苏省,苏州市,常熟市,24
江苏省,苏州市,张家港市,24
江苏省,苏州市,昆山市,24
江苏省,苏州市,太仓市,24
江苏省,南通市,海安县,24
江苏省,南通市,如东县,24
江苏省,南通市,启东市,24
江苏省,南通市,如皋市,24
江苏省,南通市,海门市,24
江苏省,连云港市,赣榆县,24
江苏省,连云港市,东海县,24
江苏省,连云港市,灌云县,24
江苏省,连云港市,灌南县,24
江苏省,淮安市,涟水县,24
江苏省,淮安市,洪泽县,24
江苏省,淮安市,盱眙县,24
江苏省,淮安市,金湖县,24
江苏省,盐城市,响水县,24
江苏省,盐城市,滨海县,24
江苏省,盐城市,阜宁县,24
江苏省,盐城市,射阳县,24
江苏省,盐城市,建湖县,24
江苏省,盐城市,东台市,24
江苏省,盐城市,大丰市,24
江苏省,扬州市,宝应县,24
江苏省,扬州市,仪征市,24
江苏省,扬州市,高邮市,24
江苏省,镇江市,丹阳市,24
江苏省,镇江市,扬中市,24
江苏省,镇江市,句容市,24
江苏省,泰州市,兴化市,24
江苏省,泰州市,靖江市,24
江苏省,泰州市,泰兴市,24
江苏省,宿迁市,沭阳县,24
江苏省,宿迁市,泗阳县,24
江苏省,宿迁市,泗洪县,24
河北省,石家庄市,长安区,24
河北省,石家庄市,桥东区,24
河北省,石家庄市,桥西区,24
河北省,石家庄市,新华区,24
河北省,石家庄市,裕华区,24
河北省,唐山市,路南区,24
河北省,唐山市,路北区,24
河北省,秦皇岛市,海港区,24
河北省,秦皇岛市,北戴河区,24
河北省,邯郸市,邯山区,24
河北省,邯郸市,丛台区,24
河北省,邯郸市,复兴区,24
河北省,邢台市,桥东区,24
河北省,邢台市,桥西区,24
河北省,保定市,新市区,24
河北省,保定市,北市区,24
河北省,保定市,南市区,24
河北省,张家口市,桥东区,24
河北省,张家口市,桥西区,24
河北省,承德市,双桥区,24
河北省,沧州市,新华区,24
河北省,沧州市,运河区,24
河北省,廊坊市,安次区,24
河北省,廊坊市,广阳区,24
河北省,衡水市,桃城区,24
河北省,石家庄市,井陉矿区,48
河北省,石家庄市,辛集市,48
河北省,石家庄市,藁城市,48
河北省,石家庄市,晋州市,48
河北省,石家庄市,新乐市,48
河北省,石家庄市,鹿泉市,48
河北省,唐山市,古冶区,48
河北省,唐山市,开平区,48
河北省,唐山市,丰南区,48
河北省,唐山市,丰润区,48
河北省,唐山市,曹妃甸区,48
河北省,唐山市,遵化市,48
河北省,唐山市,迁安市,48
河北省,秦皇岛市,山海关区,48
河北省,邯郸市,峰峰矿区,48
河北省,邯郸市,武安市,48
河北省,邢台市,南宫市,48
河北省,邢台市,沙河市,48
河北省,保定市,定州市,48
河北省,保定市,安国市,48
河北省,保定市,高碑店市,48
河北省,张家口市,宣化区,48
河北省,张家口市,下花园区,48
河北省,承德市,双滦区,48
河北省,沧州市,泊头市,48
河北省,沧州市,黄骅市,48
河北省,沧州市,河间市,48
河北省,廊坊市,霸州市,48
河北省,衡水市,冀州市,48
河北省,衡水市,深州市,48
河南省,三门峡市,湖滨区,24
河南省,信阳市,平桥区,24
河南省,信阳市,浉河区,24
河南省,南阳市,卧龙区,24
河南省,南阳市,宛城区,24
河南省,周口市,川汇区,24
河南省,商丘市,梁园区,24
河南省,商丘市,睢阳区,24
河南省,安阳市,北关区,24
河南省,安阳市,文峰区,24
河南省,安阳市,殷都区,24
河南省,安阳市,龙安区,24
河南省,平顶山市,卫东区,24
河南省,平顶山市,新华区,24
河南省,平顶山市,湛河区,24
河南省,平顶山市,石龙区,24
河南省,开封市,南关区,24
河南省,开封市,禹王台区,24
河南省,开封市,金明区,24
河南省,开封市,顺河回族区,24
河南省,开封市,鼓楼区,24
河南省,开封市,龙亭区,24
河南省,新乡市,凤泉区,24
河南省,新乡市,卫滨区,24
河南省,新乡市,新华区,24
河南省,新乡市,牧野区,24
河南省,新乡市,红旗区,24
河南省,洛阳市,伊滨区,24
河南省,洛阳市,洛龙区,24
河南省,洛阳市,涧西区,24
河南省,洛阳市,瀍河回族区,24
河南省,洛阳市,老城区,24
河南省,洛阳市,西工区,24
河南省,济源市,济源区,24
河南省,漯河市,召陵区,24
河南省,漯河市,源汇区,24
河南省,漯河市,郾城区,24
河南省,濮阳市,华龙区,24
河南省,焦作市,中站区,24
河南省,焦作市,山阳区,24
河南省,焦作市,济源市,24
河南省,焦作市,解放区,24
河南省,焦作市,马村区,24
河南省,焦作市,高新区,24
河南省,许昌市,魏都区,24
河南省,郑州市,上街区,24
河南省,郑州市,中原区,24
河南省,郑州市,二七区,24
河南省,郑州市,巩义市,24
河南省,郑州市,新密市,24
河南省,郑州市,新开发区,24
河南省,郑州市,新新开发区,24
河南省,郑州市,新郑市,24
河南省,郑州市,登封市,24
河南省,郑州市,管城回族区,24
河南省,郑州市,荥阳市,24
河南省,郑州市,邙山区,24
河南省,郑州市,郑东新区,24
河南省,郑州市,金水区,24
河南省,郑州市,高新区,24
河南省,郑州市,高新技术开发区,24
河南省,驻马店市,驿城区,24
河南省,鹤壁市,淇滨区,24
河南省,三门峡市,义马市,48
河南省,三门峡市,卢氏县,48
河南省,三门峡市,渑池县,48
河南省,三门峡市,灵宝市,48
河南省,三门峡市,陕县,48
河南省,信阳市,光山县,48
河南省,信阳市,商城县,48
河南省,信阳市,固始县,48
河南省,信阳市,息县,48
河南省,信阳市,新县,48
河南省,信阳市,淮滨县,48
河南省,信阳市,潢川县,48
河南省,信阳市,罗山县,48
河南省,南阳市,内乡县,48
河南省,南阳市,南召县,48
河南省,南阳市,唐河县,48
河南省,南阳市,新野县,48
河南省,南阳市,方城县,48
河南省,南阳市,桐柏县,48
河南省,南阳市,淅川县,48
河南省,南阳市,社旗县,48
河南省,南阳市,西峡县,48
河南省,南阳市,邓州市,48
河南省,南阳市,镇平县,48
河南省,周口市,商水县,48
河南省,周口市,太康县,48
河南省,周口市,扶沟县,48
河南省,周口市,沈丘县,48
河南省,周口市,淮阳县,48
河南省,周口市,西华县,48
河南省,周口市,郸城县,48
河南省,周口市,项城市,48
河南省,周口市,鹿邑县,48
河南省,商丘市,夏邑县,48
河南省,商丘市,宁陵县,48
河南省,商丘市,柘城县,48
河南省,商丘市,民权县,48
河南省,商丘市,永城市,48
河南省,商丘市,睢县,48
河南省,商丘市,虞城县,48
河南省,安阳市,内黄县,48
河南省,安阳市,安阳县,48
河南省,安阳市,林州市,48
河南省,安阳市,汤阴县,48
河南省,安阳市,滑县,48
河南省,平顶山市,叶县,48
河南省,平顶山市,宝丰县,48
河南省,平顶山市,汝州市,48
河南省,平顶山市,舞钢市,48
河南省,平顶山市,郏县,48
河南省,平顶山市,鲁山县,48
河南省,开封市,兰考县,48
河南省,开封市,尉氏县,48
河南省,开封市,开封县,48
河南省,开封市,杞县,48
河南省,开封市,通许县,48
河南省,开封市,郊区,48
河南省,新乡市,北站区,48
河南省,新乡市,卫辉市,48
河南省,新乡市,原阳县,48
河南省,新乡市,封丘县,48
河南省,新乡市,延津县,48
河南省,新乡市,新乡县,48
河南省,新乡市,获嘉县,48
河南省,新乡市,辉县市,48
河南省,新乡市,郊区,48
河南省,新乡市,长垣县,48
河南省,洛阳市,伊川县,48
河南省,洛阳市,偃师市,48
河南省,洛阳市,吉利区,48
河南省,洛阳市,孟津县,48
河南省,洛阳市,宜阳县,48
河南省,洛阳市,嵩县,48
河南省,洛阳市,新安县,48
河南省,洛阳市,栾川县,48
河南省,洛阳市,汝阳县,48
河南省,洛阳市,洛宁县,48
河南省,漯河市,临颍县,48
河南省,漯河市,舞阳县,48
河南省,濮阳市,南乐县,48
河南省,濮阳市,台前县,48
河南省,濮阳市,清丰县,48
河南省,濮阳市,濮阳县,48
河南省,濮阳市,范县,48
河南省,焦作市,修武县,48
河南省,焦作市,博爱县,48
河南省,焦作市,孟州市,48
河南省,焦作市,武陟县,48
河南省,焦作市,沁阳市,48
河南省,焦作市,温县,48
河南省,许昌市,禹州市,48
河南省,许昌市,襄城县,48
河南省,许昌市,许昌县,48
河南省,许昌市,鄢陵县,48
河南省,许昌市,长葛市,48
河南省,郑州市,中牟县,48
河南省,郑州市,惠济区,48
河南省,驻马店市,上蔡县,48
河南省,驻马店市,平舆县,48
河南省,驻马店市,新蔡县,48
河南省,驻马店市,正阳县,48
河南省,驻马店市,汝南县,48
河南省,驻马店市,泌阳县,48
河南省,驻马店市,确山县,48
河南省,驻马店市,西平县,48
河南省,驻马店市,遂平县,48
河南省,鹤壁市,山城区,48
河南省,鹤壁市,浚县,48
河南省,鹤壁市,淇县,48
河南省,鹤壁市,鹤山区,48
浙江省,杭州市,上城区,24
浙江省,杭州市,下城区,24
浙江省,杭州市,江干区,24
浙江省,杭州市,拱墅区,24
浙江省,杭州市,西湖区,24
浙江省,杭州市,滨江区,24
浙江省,杭州市,萧山区,24
浙江省,杭州市,余杭区,24
浙江省,宁波市,海曙区,24
浙江省,宁波市,江东区,24
浙江省,宁波市,江北区,24
浙江省,宁波市,北仑区,24
浙江省,宁波市,镇海区,24
浙江省,宁波市,鄞州区,24
浙江省,温州市,鹿城区,24
浙江省,温州市,龙湾区,24
浙江省,温州市,瓯海区,24
浙江省,嘉兴市,南湖区,24
浙江省,嘉兴市,秀洲区,24
浙江省,湖州市,吴兴区,24
浙江省,湖州市,南浔区,24
浙江省,绍兴市,越城区,24
浙江省,金华市,婺城区,24
浙江省,金华市,金东区,24
浙江省,衢州市,柯城区,24
浙江省,衢州市,衢江区,24
浙江省,台州市,椒江区,24
浙江省,台州市,黄岩区,24
浙江省,台州市,路桥区,24
浙江省,丽水市,莲都区,24
浙江省,杭州市,桐庐县,24
浙江省,杭州市,淳安县,24
浙江省,杭州市,建德市,24
浙江省,杭州市,富阳市,24
浙江省,杭州市,临安市,24
浙江省,宁波市,象山县,24
浙江省,宁波市,宁海县,24
浙江省,宁波市,余姚市,24
浙江省,宁波市,慈溪市,24
浙江省,宁波市,奉化市,24
浙江省,温州市,洞头县,24
浙江省,温州市,永嘉县,24
浙江省,温州市,平阳县,24
浙江省,温州市,苍南县,24
浙江省,温州市,文成县,24
浙江省,温州市,泰顺县,24
浙江省,温州市,瑞安市,24
浙江省,温州市,乐清市,24
浙江省,嘉兴市,嘉善县,24
浙江省,嘉兴市,海盐县,24
浙江省,嘉兴市,海宁市,24
浙江省,嘉兴市,平湖市,24
浙江省,嘉兴市,桐乡市,24
浙江省,湖州市,德清县,24
浙江省,湖州市,长兴县,24
浙江省,湖州市,安吉县,24
浙江省,绍兴市,绍兴县,24
浙江省,绍兴市,新昌县,24
浙江省,绍兴市,诸暨市,24
浙江省,绍兴市,上虞市,24
浙江省,绍兴市,嵊州市,24
浙江省,金华市,武义县,24
浙江省,金华市,浦江县,24
浙江省,金华市,磐安县,24
浙江省,金华市,兰溪市,24
浙江省,金华市,义乌市,24
浙江省,金华市,东阳市,24
浙江省,金华市,永康市,24
浙江省,衢州市,常山县,24
浙江省,衢州市,开化县,24
浙江省,衢州市,龙游县,24
浙江省,衢州市,江山市,24
浙江省,台州市,玉环县,24
浙江省,台州市,三门县,24
浙江省,台州市,天台县,24
浙江省,台州市,仙居县,24
浙江省,台州市,温岭市,24
浙江省,台州市,临海市,24
浙江省,丽水市,青田县,24
浙江省,丽水市,缙云县,24
浙江省,丽水市,遂昌县,24
浙江省,丽水市,松阳县,24
浙江省,丽水市,云和县,24
浙江省,丽水市,庆元县,24
浙江省,丽水市,景宁畲族自治县,24
浙江省,丽水市,龙泉市,24
湖北省,武汉市,江岸区,24
湖北省,武汉市,江汉区,24
湖北省,武汉市,硚口区,24
湖北省,武汉市,汉阳区,24
湖北省,武汉市,武昌区,24
湖北省,武汉市,青山区,24
湖北省,武汉市,洪山区,24
湖北省,武汉市,东西湖区,24
湖北省,武汉市,汉南区,24
湖北省,武汉市,蔡甸区,24
湖北省,武汉市,江夏区,24
湖北省,武汉市,黄陂区,24
湖北省,武汉市,新洲区,24
湖北省,黄石市,黄石港区,24
湖北省,黄石市,西塞山区,24
湖北省,黄石市,下陆区,24
湖北省,黄石市,铁山区,24
湖北省,鄂州市,华容区,24
湖北省,鄂州市,鄂城区,24
湖北省,孝感市,孝南区,24
湖北省,黄冈市,黄州区,24
湖北省,咸宁市,咸安区,24
湖南省,长沙市,芙蓉区,24
湖南省,长沙市,天心区,24
湖南省,长沙市,岳麓区,24
湖南省,长沙市,开福区,24
湖南省,长沙市,雨花区,24
湖南省,长沙市,望城区,24
湖南省,衡阳市,南岳区,48
湖南省,岳阳市,君山区,48
湖南省,张家界市,永定区,48
湖南省,郴州市,北湖区,48
湖南省,郴州市,苏仙区,48
湖南省,永州市,零陵区,48
湖南省,永州市,冷水滩区,48
湖南省,怀化市,鹤城区,48
福建省,福州市,鼓楼区,24
福建省,福州市,台江区,24
福建省,福州市,仓山区,24
福建省,福州市,晋安区,24
福建省,厦门市,思明区,24
福建省,厦门市,湖里区,24
福建省,福州市,仓山区,48
福建省,福州市,马尾区,48
福建省,福州市,闽侯县,48
福建省,福州市,连江县,48
福建省,福州市,闽清县,48
福建省,福州市,永泰县,48
福建省,福州市,平潭县,48
福建省,福州市,福清市,48
福建省,福州市,长乐市,48
福建省,厦门市,海沧区,48
福建省,厦门市,集美区,48
福建省,厦门市,同安区,48
福建省,莆田市,城厢区,48
福建省,莆田市,涵江区,48
福建省,莆田市,荔城区,48
福建省,三明市,梅列区,48
福建省,三明市,三元区,48
福建省,泉州市,鲤城区,48
福建省,泉州市,丰泽区,48
福建省,泉州市,洛江区,48
福建省,泉州市,泉港区,48
福建省,泉州市,石狮市,48
福建省,泉州市,晋江市,48
福建省,泉州市,南安市,48
福建省,漳州市,芗城区,48
福建省,漳州市,龙文区,48
福建省,南平市,延平区,48
福建省,龙岩市,新罗区,48
福建省,宁德市,蕉城区,48
福建省,宁德市,福安市,48
福建省,宁德市,福鼎市,48
重庆,重庆市,渝中区,24
重庆,重庆市,大渡口区,24
重庆,重庆市,江北区,24
重庆,重庆市,沙坪坝区,24
重庆,重庆市,九龙坡区,24
重庆,重庆市,南岸区,24
重庆,重庆市,北碚区,24
重庆,重庆市,大足区,24
重庆,重庆市,渝北区,24
重庆,重庆市,巴南区,24
重庆,重庆市,永川区,24
重庆,重庆市,永川区,48
重庆,重庆市,荣昌县,48
重庆,重庆市,大足区,48
重庆,重庆市,双桥区,48
重庆,重庆市,潼南县,48
重庆,重庆市,铜梁区,48
